USE mydb;
INSERT INTO cliente (Id_Client,ApPa_Client,ApMa_Client,Nom_Client,Tel_Client,Email_Client) VALUES("1", "Sara", "Ticic", "Pyburn", "7477802058", "spyburn0@google.co.jp");
INSERT INTO cliente (Id_Client,ApPa_Client,ApMa_Client,Nom_Client,Tel_Client,Email_Client) VALUES("2", "Dorelle", "Katte", "Lorenc", "6469407740", "dlorenc1@sphinn.com");
INSERT INTO cliente (Id_Client,ApPa_Client,ApMa_Client,Nom_Client,Tel_Client,Email_Client) VALUES("3", "Sylas", "Hartless", "Whittuck", "8845528919", "swhittuck2@tripod.com");
INSERT INTO cliente (Id_Client,ApPa_Client,ApMa_Client,Nom_Client,Tel_Client,Email_Client) VALUES("4", "Debi", "Pauleit", "Underdown", "5329718787", "dunderdown3@imdb.com");
INSERT INTO cliente (Id_Client,ApPa_Client,ApMa_Client,Nom_Client,Tel_Client,Email_Client) VALUES("5", "Jud", "Seaking", "Du Barry", "1242324054", "jdubarry4@bloomberg.com");

INSERT INTO agencia (Nom_Age) VALUES("Santa Cruz");
INSERT INTO agencia (Nom_Age) VALUES("Santa Cruz 2");
INSERT INTO agencia (Nom_Age) VALUES("Santa Cruz 3");
INSERT INTO agencia (Nom_Age) VALUES("Santa Cruz 4");
INSERT INTO agencia (Nom_Age) VALUES("Santa Cruz 5");

INSERT INTO material(Nom_Mat, Uni_Mat, Desc_Mat)VALUES("BASE TIPO SOCKET 3F-4H 7X100", "METRO", "BASE TIPO SOCKET 3F-4H 7X100");
INSERT INTO material(Nom_Mat, Uni_Mat, Desc_Mat)VALUES("CAPUCHONES", "METRO", "CAPUCHONES");
INSERT INTO material(Nom_Mat, Uni_Mat, Desc_Mat)VALUES("CONECTOR P ELECTRODO DE CU MET 16", "METRO", "CONECTOR P ELECTRODO DE CU MET 16");
INSERT INTO material(Nom_Mat, Uni_Mat, Desc_Mat)VALUES("CONECTOR CILINDRICO AISLADO 6-6", "METRO", "CONECTOR CILINDRICO AISLADO 6-6");
INSERT INTO material(Nom_Mat, Uni_Mat, Desc_Mat)VALUES("ELECTRODO PARATIERRA AS5 15 5/8 (1.5MT)", "METRO", "ELECTRODO PARATIERRA AS5 15 5/8 (1.5MT)");
INSERT INTO material(Nom_Mat, Uni_Mat, Desc_Mat)VALUES("QUINTA TERMINAL", "METRO", "QUINTA TERMINAL");
INSERT INTO material(Nom_Mat, Uni_Mat, Desc_Mat)VALUES("CONECTADOR DE PERFORACION", "METRO", "CONECTADOR DE PERFORACION");
INSERT INTO material(Nom_Mat, Uni_Mat, Desc_Mat)VALUES("ABRAZADERA TIPO OMEGA DE 1/2", "METRO", "ABRAZADERA TIPO OMEGA DE 1/2");
INSERT INTO material(Nom_Mat, Uni_Mat, Desc_Mat)VALUES("ABRAZADERA TIPO OMEGA DE 1/4", "METRO", "ABRAZADERA TIPO OMEGA DE 1/4");
INSERT INTO material(Nom_Mat, Uni_Mat, Desc_Mat)VALUES("ABRAZADERA TIPO OMEGA DE 1 1/2", "METRO", "ABRAZADERA TIPO OMEGA DE 1 1/2");
INSERT INTO material(Nom_Mat, Uni_Mat, Desc_Mat)VALUES("CABLE  ACOMETIDA AREA 1+1 CAL6C", "METRO", "CABLE  ACOMETIDA AREA 1+1 CAL6C");
INSERT INTO material(Nom_Mat, Uni_Mat, Desc_Mat)VALUES("CABLE  ACOMETIDA AREA 2+1 CAL6C", "METRO", "CABLE  ACOMETIDA AREA 2+1 CAL6C");
INSERT INTO material(Nom_Mat, Uni_Mat, Desc_Mat)VALUES("CABLE  ACOMETIDA AREA 3+1 CAL6C", "METRO", "CABLE  ACOMETIDA AREA 3+1 CAL6C");
INSERT INTO material(Nom_Mat, Uni_Mat, Desc_Mat)VALUES("CABLE DE COBRE DESNUDO CAL 8 AWG", "METRO", "CABLE DE COBRE DESNUDO CAL 8 AWG");
INSERT INTO material(Nom_Mat, Uni_Mat, Desc_Mat)VALUES("CABLE DE COBRETHS-IS CAL 4 AWG", "METRO", "CABLE DE COBRETHS-IS CAL 4 AWG");
INSERT INTO material(Nom_Mat, Uni_Mat, Desc_Mat)VALUES("CINTA DE AISLAR", "METRO", "CINTA DE AISLAR");
INSERT INTO material(Nom_Mat, Uni_Mat, Desc_Mat)VALUES("CONECTOR RECTO PARA TUBO CONDUIT PD 2 1/2", "METRO", "CONECTOR RECTO PARA TUBO CONDUIT PD 2 1/2");
INSERT INTO material(Nom_Mat, Uni_Mat, Desc_Mat)VALUES("CONECTOR RECTO PARA TUBO CONDUIT PD 1/2", "METRO", "CONECTOR RECTO PARA TUBO CONDUIT PD 1/2");
INSERT INTO material(Nom_Mat, Uni_Mat, Desc_Mat)VALUES("CANECTOR RECTO P/LICUATITE 1 1/2", "METRO", "CANECTOR RECTO P/LICUATITE 1 1/2");
INSERT INTO material(Nom_Mat, Uni_Mat, Desc_Mat)VALUES("CONECTOR RECTO PARA TUBO ZAPA DE 1 1/2", "METRO", "CONECTOR RECTO PARA TUBO ZAPA DE 1 1/2");
INSERT INTO material(Nom_Mat, Uni_Mat, Desc_Mat)VALUES("CONECTOR H3/0-4/0/3/04/0AC507", "METRO", "CONECTOR H3/0-4/0/3/04/0AC507");
INSERT INTO material(Nom_Mat, Uni_Mat, Desc_Mat)VALUES("DUCTO DE LAMINA CAL.20 4X4X1.2", "METRO", "DUCTO DE LAMINA CAL.20 4X4X1.2");
INSERT INTO material(Nom_Mat, Uni_Mat, Desc_Mat)VALUES("TAPA DE DUCTO", "METRO", "TAPA DE DUCTO");
INSERT INTO material(Nom_Mat, Uni_Mat, Desc_Mat)VALUES("MONITOR 1 1/4", "METRO", "MONITOR 1 1/4");
INSERT INTO material(Nom_Mat, Uni_Mat, Desc_Mat)VALUES("CONTRATUERCA DE 1/4", "METRO", "CONTRATUERCA DE 1/4");
INSERT INTO material(Nom_Mat, Uni_Mat, Desc_Mat)VALUES("NEPLE GALVANIZADO DE 1 1/4 X2", "METRO", "NEPLE GALVANIZADO DE 1 1/4 X2");
INSERT INTO material(Nom_Mat, Uni_Mat, Desc_Mat)VALUES("MONITOR 1 1/2", "METRO", "MONITOR 1 1/2");
INSERT INTO material(Nom_Mat, Uni_Mat, Desc_Mat)VALUES("CONTRATUERCA DE 1 1/2", "METRO", "CONTRATUERCA DE 1 1/2");
INSERT INTO material(Nom_Mat, Uni_Mat, Desc_Mat)VALUES("NIPLE DE 1 1/2", "METRO", "NIPLE DE 1 1/2");
INSERT INTO material(Nom_Mat, Uni_Mat, Desc_Mat)VALUES("REDUCTOR BUSHING DE (32MM) 1 1/4 A 1/2", "METRO", "REDUCTOR BUSHING DE (32MM) 1 1/4 A 1/2");
INSERT INTO material(Nom_Mat, Uni_Mat, Desc_Mat)VALUES("TAPA HUB PARA BASE 3F-4H 7X100", "METRO", "TAPA HUB PARA BASE 3F-4H 7X100");
INSERT INTO material(Nom_Mat, Uni_Mat, Desc_Mat)VALUES("TAQUETE ARMELLA 3/8", "METRO", "TAQUETE ARMELLA 3/8");
INSERT INTO material(Nom_Mat, Uni_Mat, Desc_Mat)VALUES("TAQUETE ARMELLA ESPANZOR Z 5/8", "METRO", "TAQUETE ARMELLA ESPANZOR Z 5/8");
INSERT INTO material(Nom_Mat, Uni_Mat, Desc_Mat)VALUES("TAQUETE DE PLASTICO 1/4", "METRO", "TAQUETE DE PLASTICO 1/4");
INSERT INTO material(Nom_Mat, Uni_Mat, Desc_Mat)VALUES("TAQUETE DE PLASTICO 3/8", "METRO", "TAQUETE DE PLASTICO 3/8");
INSERT INTO material(Nom_Mat, Uni_Mat, Desc_Mat)VALUES("PIJA PLAMINA #10 X2 LARGO", "METRO", "PIJA PLAMINA #10 X2 LARGO");
INSERT INTO material(Nom_Mat, Uni_Mat, Desc_Mat)VALUES("PIJA PLAMINA #8 X1 1/2 LARGO", "METRO", "PIJA PLAMINA #8 X1 1/2 LARGO");
INSERT INTO material(Nom_Mat, Uni_Mat, Desc_Mat)VALUES("TUBO CONDUCTOR GALVANIZADO PD DE 13MM(3M)", "METRO", "TUBO CONDUCTOR GALVANIZADO PD DE 13MM(3M)");
INSERT INTO material(Nom_Mat, Uni_Mat, Desc_Mat)VALUES("TUBO CONDUCTOR GALVANIZADO PD DE 1/4MM(3M)", "METRO", "TUBO CONDUCTOR GALVANIZADO PD DE 1/4MM(3M)");
INSERT INTO material(Nom_Mat, Uni_Mat, Desc_Mat)VALUES("TUBO CONDUCTOR GALVANIZADO PD DE 1/2MM(3M)", "METRO", "TUBO CONDUCTOR GALVANIZADO PD DE 1/2MM(3M)");
INSERT INTO material(Nom_Mat, Uni_Mat, Desc_Mat)VALUES("TUBO ZAPA FLEXIBLE DE 1/2 (3MTS)", "METRO", "TUBO ZAPA FLEXIBLE DE 1/2 (3MTS)");
INSERT INTO material(Nom_Mat, Uni_Mat, Desc_Mat)VALUES("MUFA GALVANIZADA 1 1/2", "METRO", "MUFA GALVANIZADA 1 1/2");

INSERT INTO role (Nom_Role,Desc_Role) VALUES("Administrador","Administrador");
INSERT INTO role (Nom_Role,Desc_Role) VALUES("Usuario","Usuario");

INSERT INTO trabajo (Id_Trab,Nom_Trab,Des_Trab) values(1,"nuevo","trabajo nuevo");
INSERT INTO trabajo (Id_Trab,Nom_Trab,Des_Trab) values(2,"viejo","trabajo viejo");

INSERT INTO ubicacion (Id_Ubi,Call_Ubi,NoExt_Ubi,NoInt_Ubi,Col_Ubi,Mun_Ubi,EntrCall_Ubi,Ref_Ubi,Geo_Ubi) values(1,"calle","n45","201","santotomas","Azcapotzalco","jerusalen y melchor","alado de las gorditas","1684354.58465845");
INSERT INTO ubicacion (Id_Ubi,Call_Ubi,NoExt_Ubi,NoInt_Ubi,Col_Ubi,Mun_Ubi,EntrCall_Ubi,Ref_Ubi,Geo_Ubi) values(2,"calle2","n45","201","santotomas","Azcapotzalco","jerusalen y melchor","alado de las gorditas","1684354.58465845");
INSERT INTO ubicacion (Id_Ubi,Call_Ubi,NoExt_Ubi,NoInt_Ubi,Col_Ubi,Mun_Ubi,EntrCall_Ubi,Ref_Ubi,Geo_Ubi) values(3,"calle3","n45","201","santotomas","Azcapotzalco","jerusalen y melchor","alado de las gorditas","1684354.58465845");

INSERT INTO usuario (Id_Usu,UserName_Usu,Nom_Usu,ApPa_Usu,ApMa_Usu,Pass_Usu) values("usu1","username1","nombre1","apepa","apema","password1");
INSERT INTO usuario (Id_Usu,UserName_Usu,Nom_Usu,ApPa_Usu,ApMa_Usu,Pass_Usu) values("usu2","username2","nombre2","apepa","apema","password2");

INSERT INTO usuario_has_role (Usuario_Id_Usu, Role_Id_Role) VALUES ("usu1", '1');
INSERT INTO usuario_has_role (Usuario_Id_Usu, Role_Id_Role) VALUES ("usu2", '1');


INSERT INTO zona (Id_Zon,Nom_Zon) values(1,"zona1");
INSERT INTO zona (Id_Zon,Nom_Zon) values(2,"zona2");

insert into orden (Id_Ord, No_Ord, Fech_Ord, Rpu_Ord, NCuen_Ord, Tarifa_Ord, T02_Ord, Giro_Ord, Hilos_Ord, Fase_Ord, Anom_Ord, MedIqz_Ord, MedDer_Ord, HoraInc_Ord, HoraFin_Ord, Atend_Ord, Resib_Ord, Rpe_Ord, IdentN_Ord, Trabajo_Id_Trab, Zona_Id_Zon, Agencia_Id_Age, Usuario_Id_Usu, Cliente_Id_Client, Ubicacion_Id_Ubi) values (1, 1, "6/1/20", "PNAAe6657r", "", 1, "8Thx", "WAri", "Ct", "3j", "u. Sed sagittis.", 2009, 2009, "1:22", "7:07", "Wandis", "Nye", "Iuw8HH", "8vayBZ", 1, 1, 1, "usu1", "1", 1);
insert into orden (Id_Ord, No_Ord, Fech_Ord, Rpu_Ord, NCuen_Ord, Tarifa_Ord, T02_Ord, Giro_Ord, Hilos_Ord, Fase_Ord, Anom_Ord, MedIqz_Ord, MedDer_Ord, HoraInc_Ord, HoraFin_Ord, Atend_Ord, Resib_Ord, Rpe_Ord, IdentN_Ord, Trabajo_Id_Trab, Zona_Id_Zon, Agencia_Id_Age, Usuario_Id_Usu, Cliente_Id_Client, Ubicacion_Id_Ubi) values (2, 2, "6/1/20", "8JYXerrzmj", "", 2, "MUrb", "OZ51", "Rn", "E3", "Intque ultrices mattis odio.", 1993, 2010, "8:00", "10:49", "North", "Bertram", "Pmxd7E", "Hv9rQ9",  1, 1, 2, "usu2", "2", 2);
insert into orden (Id_Ord, No_Ord, Fech_Ord, Rpu_Ord, NCuen_Ord, Tarifa_Ord, T02_Ord, Giro_Ord, Hilos_Ord, Fase_Ord, Anom_Ord, MedIqz_Ord, MedDer_Ord, HoraInc_Ord, HoraFin_Ord, Atend_Ord, Resib_Ord, Rpe_Ord, IdentN_Ord, Trabajo_Id_Trab, Zona_Id_Zon, Agencia_Id_Age, Usuario_Id_Usu, Cliente_Id_Client, Ubicacion_Id_Ubi) values (3, 3, "6/1/20", "U3EV82bgfh", "", 3, "75bt", "XYf4", "Vb", "Fj", " rhoncus dui vel sem. Sed sagittis.", 1999, 1999, "8:24", "4:57", "Arabela", "Celeste", "41nfKP", "0wg0W4", 2, 2, 2, "usu2", "3", 3);
insert into orden (Id_Ord, No_Ord, Fech_Ord, Rpu_Ord, NCuen_Ord, Tarifa_Ord, T02_Ord, Giro_Ord, Hilos_Ord, Fase_Ord, Anom_Ord, MedIqz_Ord, MedDer_Ord, HoraInc_Ord, HoraFin_Ord, Atend_Ord, Resib_Ord, Rpe_Ord, IdentN_Ord, Trabajo_Id_Trab, Zona_Id_Zon, Agencia_Id_Age, Usuario_Id_Usu, Cliente_Id_Client, Ubicacion_Id_Ubi) values (4, 4, "6/1/20", "1AGJ80rrrc", "", 4, "63ap", "BBr9", "Vr", "Pq", "sndisse potenti.", 2008, 1993, "2:44", "1:32", "Leone", "Fredric", "0p07AN", "0phaJH", 1, 1, 1, "usu1", "4", 1);
insert into orden (Id_Ord, No_Ord, Fech_Ord, Rpu_Ord, NCuen_Ord, Tarifa_Ord, T02_Ord, Giro_Ord, Hilos_Ord, Fase_Ord, Anom_Ord, MedIqz_Ord, MedDer_Ord, HoraInc_Ord, HoraFin_Ord, Atend_Ord, Resib_Ord, Rpe_Ord, IdentN_Ord, Trabajo_Id_Trab, Zona_Id_Zon, Agencia_Id_Age, Usuario_Id_Usu, Cliente_Id_Client, Ubicacion_Id_Ubi) values (5, 5, "6/1/20", "6YMY8ggvft", "", 5, "JUeo", "LXy5", "Od", "Bq", "nas tincidunt lacus at velit.", 1998, 2006, "7:05", "12:47", "Ardene", "Brett", "OzwmO2", "O4tsQG",  2, 1, 3, "usu2", "5", 2);
insert into orden (Id_Ord, No_Ord, Fech_Ord, Rpu_Ord, NCuen_Ord, Tarifa_Ord, T02_Ord, Giro_Ord, Hilos_Ord, Fase_Ord, Anom_Ord, MedIqz_Ord, MedDer_Ord, HoraInc_Ord, HoraFin_Ord, Atend_Ord, Resib_Ord, Rpe_Ord, IdentN_Ord, Trabajo_Id_Trab, Zona_Id_Zon, Agencia_Id_Age, Usuario_Id_Usu, Cliente_Id_Client, Ubicacion_Id_Ubi) values (6, 6, "6/1/20", "TW7Nquixrv", "", 6, "TR18", "2Eje", "U1", "Aj", "dicjustoulla jisquet amet eros.", 1989, 2013, "7:22", "12:21", "Dwight", "Alexi", "0hoqTS", "T2ygSP",  1, 1, 1, "usu1", "1", 3);
insert into orden (Id_Ord, No_Ord, Fech_Ord, Rpu_Ord, NCuen_Ord, Tarifa_Ord, T02_Ord, Giro_Ord, Hilos_Ord, Fase_Ord, Anom_Ord, MedIqz_Ord, MedDer_Ord, HoraInc_Ord, HoraFin_Ord, Atend_Ord, Resib_Ord, Rpe_Ord, IdentN_Ord, Trabajo_Id_Trab, Zona_Id_Zon, Agencia_Id_Age, Usuario_Id_Usu, Cliente_Id_Client, Ubicacion_Id_Ubi) values (7, 7, "6/1/20", "OYM3b13dc7", "", 7, "HGnf", "S4qf", "Hx", "K1", "Morbi a ipsum. Integer a nibh.", 2004, 2012, "11:19", "12:09", "Hailee", "Hermon", "56jcPG", "Rh5zRT", 1, 2, 4, "usu2", "2", 1);
insert into orden (Id_Ord, No_Ord, Fech_Ord, Rpu_Ord, NCuen_Ord, Tarifa_Ord, T02_Ord, Giro_Ord, Hilos_Ord, Fase_Ord, Anom_Ord, MedIqz_Ord, MedDer_Ord, HoraInc_Ord, HoraFin_Ord, Atend_Ord, Resib_Ord, Rpe_Ord, IdentN_Ord, Trabajo_Id_Trab, Zona_Id_Zon, Agencia_Id_Age, Usuario_Id_Usu, Cliente_Id_Client, Ubicacion_Id_Ubi) values (8, 8, "6/1/20", "AL82udo5un", "", 8, "ZZ7h", "RWim", "Hq", "45", "In quat. Nulla nisl. Nunc nisl.", 2011, 1992, "9:38", "9:13", "Audie", "Abrahan", "L2wt62", "8k9r9C", 2, 2, 5, "usu1", "3", 2);
insert into orden (Id_Ord, No_Ord, Fech_Ord, Rpu_Ord, NCuen_Ord, Tarifa_Ord, T02_Ord, Giro_Ord, Hilos_Ord, Fase_Ord, Anom_Ord, MedIqz_Ord, MedDer_Ord, HoraInc_Ord, HoraFin_Ord, Atend_Ord, Resib_Ord, Rpe_Ord, IdentN_Ord, Trabajo_Id_Trab, Zona_Id_Zon, Agencia_Id_Age, Usuario_Id_Usu, Cliente_Id_Client, Ubicacion_Id_Ubi) values (9, 9, "6/1/20", "7IFXtneclr", "", 9, "MDem", "T720", "Ca", "Eb", "Mlestie sde ac dpellenue volutpat dui.", 2011, 2006, "3:01", "12:25", "Dew", "Marleen", "6kybGD", "S2xqH2", 1, 1, 1, "usu2", "4", 1);
insert into orden (Id_Ord, No_Ord, Fech_Ord, Rpu_Ord, NCuen_Ord, Tarifa_Ord, T02_Ord, Giro_Ord, Hilos_Ord, Fase_Ord, Anom_Ord, MedIqz_Ord, MedDer_Ord, HoraInc_Ord, HoraFin_Ord, Atend_Ord, Resib_Ord, Rpe_Ord, IdentN_Ord, Trabajo_Id_Trab, Zona_Id_Zon, Agencia_Id_Age, Usuario_Id_Usu, Cliente_Id_Client, Ubicacion_Id_Ubi) values (10, 10, "6/1/20", "CGY61at1oc", "", 10, "NWi7", "AN9r", "F2", "X3", "Duunc. Proin at turpis a pegue.", 2009, 2008, "1:01", "11:32", "Ursula", "Virginie", "Ouxw4I", "99afTQ",  1, 1, 1, "usu1", "5", 1);